date,0.6,0.61,0.62,0.63,0.64,0.65,0.66,0.67,0.68,0.6900000000000001,0.7000000000000001,0.7100000000000001,0.7200000000000001,0.7300000000000001,0.7400000000000001,0.7500000000000001,0.7600000000000001,0.7700000000000001,0.7800000000000001,0.7900000000000001,0.8000000000000002,0.8100000000000002,0.8200000000000002,0.8300000000000002,0.8400000000000002,0.8500000000000002,0.8600000000000002,0.8700000000000002,0.8800000000000002,0.8900000000000002,0.9000000000000002,0.9100000000000003,0.9200000000000003,0.9300000000000003,0.9400000000000003,0.9500000000000003,0.9600000000000003,0.9700000000000003,0.9800000000000003,0.9900000000000003,1.0000000000000004,1.0100000000000002,1.0200000000000005,1.0300000000000002,1.0400000000000005,1.0500000000000003,1.0600000000000005,1.0700000000000003,1.0800000000000005,1.0900000000000003,1.1000000000000005,1.1100000000000003,1.1200000000000006,1.1300000000000003,1.1400000000000006,1.1500000000000004,1.1600000000000006,1.1700000000000004,1.1800000000000006,1.1900000000000004,1.2000000000000006,1.2100000000000004,1.2200000000000006,1.2300000000000004,1.2400000000000007,1.2500000000000004,1.2600000000000007,1.2700000000000005,1.2800000000000007,1.2900000000000005,1.3000000000000007,1.3100000000000005,1.3200000000000007,1.3300000000000005,1.3400000000000007,1.3500000000000005,1.3600000000000008,1.3700000000000006,1.3800000000000008,1.3900000000000006,1.4000000000000008
2025-05-09,20.782528576694784,20.744469176518827,20.707358298689456,20.671195943206687,20.635982110070508,20.601716799280926,20.568400010837934,20.53603174474154,20.504612000991738,20.47414077958853,20.444618080531924,20.416043903821905,20.388418249458482,20.361741117441653,20.33601250777142,20.31123242044778,20.28740085547074,20.264517812840285,20.242583292556432,20.22159729461917,20.201559819028507,20.18247086578443,20.164330434886956,20.147138526336068,20.13089514013178,20.115600276274087,20.101253934762983,20.08785611559848,20.075406818780568,20.063906044309253,20.053353792184527,20.043750062406403,20.03509485497487,20.02738816988993,20.020630007151585,20.014820366759835,20.00995924871468,20.006046653016117,20.00308257966415,20.00106702865878,20.0,19.999881493687816,20.000711509722226,20.00249004810323,20.005217108830834,20.008892691905025,20.013516797325817,20.0190894250932,20.02561057520718,20.033080247667748,20.041498442474918,20.050865159628675,20.061180399129032,20.07244416097598,20.08465644516953,20.097817251709664,20.1119265805964,20.126984431829726,20.142990805409646,20.159945701336163,20.177849119609274,20.196701060228982,20.21650152319528,20.237250508508176,20.25894801616766,20.281594046173748,20.305188598526424,20.329731673225698,20.355223270271562,20.381663389664023,20.40905203140308,20.43738919548873,20.466674881920973,20.496909090699813,20.528091821825246,20.56022307529727,20.593302851115894,20.62733114928111,20.662307969792924,20.698233312651325,20.735107177856328
2025-05-10,20.215805718952335,20.195944843441538,20.176811218479216,20.158404844065366,20.140725720199992,20.123773846883093,20.107549224114667,20.092051851894716,20.07728173022324,20.06323885910024,20.049923238525714,20.03733486849966,20.025473749022083,20.01433988009298,20.003933261712355,19.994253893880202,19.985301776596522,19.977076909861317,19.969579293674585,19.96280892803633,19.95676581294655,19.951449948405244,19.946861334412414,19.942999970968057,19.939865858072178,19.937458995724768,19.935779383925837,19.93482702267538,19.93460191197339,19.935104051819884,19.93633344221485,19.93829008315829,19.940973974650202,19.944385116690594,19.94852350927946,19.953389152416797,19.958982046102612,19.965302190336896,19.97234958511966,19.980124230450897,19.988626126330608,19.997855272758795,20.007811669735453,20.01849531726059,20.0299062153342,20.042044363956286,20.054909763126847,20.068502412845877,20.082822313113386,20.097869463929367,20.113643865293827,20.130145517206756,20.147374419668168,20.165330572678048,20.184013976236404,20.203424630343235,20.22356253499854,20.24442769020232,20.266020095954577,20.288339752255304,20.311386659104507,20.335160816502185,20.35966222444834,20.384890882942962,20.410846791986067,20.437529951577645,20.464940361717694,20.493078022406223,20.52194293364322,20.551535095428697,20.58185450776265,20.61290117064507,20.64467508407597,20.677176248055343,20.71040466258319,20.74436032765951,20.77904324328431,20.814453409457585,20.850590826179328,20.88745549344955,20.925047411268245
2025-05-11,19.837980603798485,19.829734121709347,19.82208908953358,19.815045507271186,19.808603374922157,19.802762692486503,19.797523459964214,19.792885677355294,19.788849344659745,19.785414461877565,19.782581029008753,19.780349046053313,19.778718513011242,19.77768942988254,19.777261796667204,19.777435613365242,19.778210879976648,19.779587596501422,19.781565762939564,19.78414537929108,19.787326445555962,19.791108961734217,19.795492927825837,19.80047834383083,19.806065209749192,19.81225352558092,19.819043291326025,19.826434506984494,19.834427172556335,19.84302128804154,19.85221685344012,19.86201386875207,19.872412333977383,19.88341224911607,19.895013614168125,19.907216429133552,19.920020694012344,19.933426408804507,19.947433573510043,19.962042188128944,19.977252252661216,19.993063767106857,20.00947673146587,20.026491145738248,20.044107009923998,20.06232432402312,20.081143088035606,20.100563301961465,20.120584965800695,20.141208079553294,20.162432643219258,20.184258656798594,20.2066861202913,20.229715033697374,20.25334539701682,20.277577210249632,20.302410473395817,20.32784518645537,20.353881349428292,20.380518962314582,20.407758025114244,20.43559853782727,20.464040500453674,20.49308391299344,20.52272877544658,20.55297508781309,20.583822850092965,20.615272062286213,20.64732272439283,20.679974836412814,20.713228398346175,20.747083410192896,20.78153987195299,20.816597783626456,20.852257145213287,20.88851795671349,20.925380218127064,20.962843929454003,21.000909090694314,21.039575701847994,21.078843762915042
2025-05-12,20.14052751591759,20.117789406900645,20.095993445606464,20.075139632035036,20.055227966186372,20.03625844806046,20.018231077657315,20.001145854976922,19.985002780019293,19.969801852784418,19.95554307327231,19.94222644148295,19.92985195741636,19.91841962107252,19.907929432451446,19.898381391553126,19.889775498377567,19.882111752924764,19.875390155194726,19.86961070518744,19.86477340290292,19.86087824834115,19.857925241502148,19.8559143823859,19.854845670992415,19.85471910732169,19.855534691373716,19.857292423148508,19.859992302646052,19.86363432986636,19.868218504809423,19.873744827475253,19.880213297863833,19.887623915975176,19.895976681809277,19.90527159536614,19.91550865664576,19.926687865648137,19.938809222373273,19.951872726821172,19.965878378991825,19.98082617888524,19.99671612650141,20.013548221840345,20.031322464902036,20.050038855686488,20.069697394193692,20.090298080423665,20.111840914376387,20.134325896051877,20.15775302545012,20.182122302571123,20.207433727414884,20.23368729998141,20.260883020270686,20.289020888282728,20.318100904017523,20.348123067475083,20.3790873786554,20.410993837558475,20.443842444184305,20.4776331985329,20.51236610060425,20.548041150398365,20.584658347915234,20.622217693154862,20.660719186117248,20.700162826802398,20.7405486152103,20.781876551340968,20.82414663519439,20.867358866770573,20.911513246069514,20.956609773091213,21.00264844783567,21.04962927030289,21.097552240492867,21.146417358405603,21.1962246240411,21.246974037399355,21.29866559848037
2025-05-13,19.96423868360469,19.95151659554685,19.93943444254545,19.92799222460051,19.917189941712017,19.90702759387997,19.89750518110438,19.88862270338524,19.880380160722545,19.872777553116308,19.865814880566518,19.85949214307318,19.853809340636293,19.848766473255854,19.84436354093187,19.840600543664337,19.83747748145325,19.834994354298615,19.83315116220043,19.8319479051587,19.831384583173417,19.831461196244586,19.832177744372206,19.833534227556278,19.835530645796798,19.83816699909377,19.84144328744719,19.845359510857065,19.84991566932339,19.85511176284616,19.86094779142539,19.867423755061065,19.874539653753192,19.88229548750177,19.890691256306795,19.899726960168277,19.909402599086206,19.919718173060588,19.93067368209142,19.942269126178697,19.954504505322433,19.967379819522616,19.98089506877925,19.995050253092337,20.00984537246187,20.025280426887857,20.041355416370294,20.058070340909183,20.075425200504522,20.093419995156314,20.11205472486455,20.131329389629244,20.151243989450386,20.171798524327976,20.19299299426202,20.21482739925251,20.237301739299458,20.260416014402853,20.284170224562697,20.308564369778995,20.333598450051745,20.35927246538094,20.38558641576659,20.412540301208686,20.44013412170724,20.468367877262242,20.49724156787369,20.526755193541593,20.55690875426595,20.58770225004675,20.619135680884007,20.651209046777712,20.68392234772787,20.717275583734477,20.751268754797533,20.78590186091704,20.821174902093002,20.85708787832541,20.89364078961427,20.93083363595958,20.968666417361344
2025-05-14,20.609491845689934,20.57020098327047,20.532070727623754,20.495101078749784,20.45929203664856,20.424643601320078,20.391155772764343,20.358828550981354,20.32766193597111,20.29765592773362,20.268810526268865,20.241125731576858,20.214601543657597,20.189237962511083,20.165034988137318,20.141992620536293,20.120110859708014,20.09938970565248,20.079829158369694,20.061429217859654,20.04418988412236,20.028111157157813,20.01319303696601,19.99943552354695,19.986838616900634,19.97540231702707,19.96512662392625,19.956011537598172,19.948057058042842,19.941263185260258,19.935629919250417,19.931157260013325,19.92784520754898,19.925693761857378,19.92470292293852,19.92487269079241,19.926203065419042,19.92869404681843,19.932345634990554,19.937157829935423,19.94313063165304,19.950264040143402,19.958558055406513,19.96801267744237,19.97862790625097,19.990403741832314,20.003340184186406,20.01743723331324,20.032694889212824,20.049113151885155,20.06669202133023,20.085431497548047,20.10533158053861,20.12639227030192,20.14861356683798,20.171995470146783,20.19653798022833,20.222241097082623,20.24910482070966,20.277129151109445,20.30631408828198,20.336659632227253,20.368165782945276,20.400832540436042,20.434659904699554,20.469647875735813,20.505796453544818,20.54310563812657,20.581575429481063,20.621205827608303,20.66199683250829,20.70394844418102,20.747060662626502,20.791333487844724,20.836766919835693,20.883360958599408,20.93111560413587,20.980030856445072,21.03010671552703,21.081343181381722,21.13374025400917
2025-05-15,21.13175322975121,21.08020481329965,21.029761448368973,20.980423134959192,20.932189873070303,20.8850616627023,20.839038503855193,20.79412039652897,20.750307340723644,20.70759933643921,20.66599638367566,20.62549848243301,20.586105632711245,20.547817834510376,20.51063508783039,20.474557392671304,20.439584749033106,20.405717156915795,20.37295461631938,20.341297127243852,20.31074468968922,20.281297303655478,20.25295496914262,20.225717686150663,20.19958545467959,20.174558274729414,20.150636146300126,20.127819069391727,20.106107044004222,20.085500070137602,20.06599814779188,20.04760127696705,20.030309457663105,20.014122689880057,19.999040973617895,19.985064308876627,19.97219269565625,19.960426133956762,19.94976462377817,19.94020816512046,19.93175675798365,19.924410402367727,19.918169098272696,19.913032845698556,19.909001644645304,19.906075495112947,19.90425439710148,19.903538350610905,19.90392735564122,19.905421412192425,19.90802052026452,19.91172467985751,19.91653389097139,19.92244815360616,19.92946746776182,19.937591833438375,19.946821250635818,19.95715571935415,19.96859523959338,19.981139811353493,19.9947894346345,20.009544109436398,20.025403835759192,20.04236861360287,20.060438442967442,20.079613323852907,20.09989325625926,20.121278240186506,20.143768275634645,20.16736336260367,20.19206350109359,20.217868691104396,20.2447789326361,20.272794225688692,20.30191457026217,20.332139966356547,20.36347041397181,20.395905913107967,20.42944646376501,20.46409206594295,20.49984271964178
2025-05-16,21.116541358262076,21.068804453543795,21.021982058716258,20.976074173779473,20.931080798733436,20.88700193357814,20.8438375783136,20.801587732939804,20.76025239745676,20.71983157186446,20.680325256162913,20.64173345035211,20.604056154432055,20.56729336840275,20.53144509226419,20.496511326016382,20.46249206965932,20.429387323193005,20.397197086617442,20.36592135993262,20.335560143138554,20.30611343623523,20.27758123922266,20.24996355210083,20.223260374869756,20.197471707529424,20.172597550079843,20.148637902521013,20.125592764852925,20.10346213707559,20.082246019189,20.06194441119316,20.042557313088064,20.02408472487372,20.006526646550128,19.989883078117277,19.974154019575177,19.959339470923823,19.94543943216322,19.93245390329336,19.920382884314254,19.90922637522589,19.89898437602828,19.88965688672142,19.8812439073053,19.873745437779935,19.867161478145313,19.86149202840144,19.856737088548314,19.85289665858594,19.849970738514312,19.847959328333435,19.846862428043302,19.846680037643917,19.847412157135285,19.849058786517393,19.851619925790256,19.855095574953864,19.85948573400822,19.86479040295333,19.871009581789178,19.878143270515782,19.886191469133127,19.895154177641228,19.90503139604007,19.915823124329663,19.927529362510004,19.940150110581094,19.953685368542935,19.968135136395517,19.98349941413885,19.99977820177293,20.016971499297764,20.035079306713342,20.054101624019665,20.07403845121674,20.09488978830456,20.11665563528313,20.139335992152446,20.162930858912514,20.187440235563326
2025-05-17,20.122685800782516,20.09400781243338,20.066526545550687,20.040242000134445,20.015154176184645,19.99126307370129,19.968568692684382,19.947071033133923,19.926770095049907,19.907665878432336,19.889758383281215,19.873047609596536,19.857533557378304,19.84321622662652,19.830095617341183,19.818171729522287,19.80744456316984,19.79791411828384,19.78958039486428,19.782443392911173,19.776503112424507,19.771759553404287,19.768212715850517,19.76586259976319,19.76470920514231,19.764752531987874,19.765992580299883,19.768429350078343,19.772062841323244,19.776893054034595,19.782919988212388,19.79014364385663,19.798564020967316,19.80818111954445,19.818994939588027,19.831005481098053,19.84421274407452,19.858616728517436,19.8742174344268,19.891014861802606,19.909009010644862,19.928199880953564,19.948587472728708,19.9701717859703,19.992952820678337,20.016930576852822,20.04210505449375,20.068476253601126,20.096044174174946,20.124808816215214,20.154770179721925,20.185928264695086,20.218283071134696,20.25183459904074,20.286582848413243,20.322527819252183,20.359669511557573,20.39800792532941,20.437543060567688,20.478274917272415,20.52020349544359,20.563328795081205,20.60765081618527,20.653169558755778,20.699885022792735,20.747797208296138,20.796906115265987,20.847211743702278,20.89871409360502,20.951413164974202,21.005308957809834,21.060401472111913,21.116690707880437,21.174176665115404,21.23285934381682,21.292738743984682,21.35381486561899,21.41608770871974,21.47955727328694,21.544223559320585,21.610086566820677
2025-05-18,19.70475718251347,19.695604493417505,19.687168452421922,19.679449059526725,19.672446314731914,19.66616021803749,19.66059076944345,19.655737968949794,19.651601816556525,19.64818231226364,19.645479456071143,19.643493247979027,19.6422236879873,19.641670776095957,19.641834512305003,19.642714896614432,19.644311929024248,19.646625609534446,19.649655938145035,19.653402914856006,19.657866539667364,19.663046812579104,19.668943733591234,19.675557302703748,19.682887519916644,19.69093438522993,19.6996978986436,19.709178060157658,19.7193748697721,19.730288327486925,19.74191843330214,19.754265187217737,19.76732858923372,19.78110863935009,19.795605337566847,19.810818683883987,19.82674867830151,19.843395320819422,19.86075861143772,19.878838550156402,19.89763513697547,19.917148371894925,19.937378254914766,19.95832478603499,19.9799879652556,20.002367792576596,20.02546426799798,20.049277391519745,20.073807163141897,20.099053582864432,20.125016650687357,20.15169636661067,20.179092730634363,20.207205742758443,20.23603540298291,20.26558171130776,20.295844667732997,20.32682427225862,20.35852052488463,20.390933425611024,20.424062974437803,20.457909171364964,20.492472016392515,20.527751509520453,20.563747650748773,20.60046044007748,20.637889877506574,20.676035963036053,20.714898696665916,20.754478078396165,20.7947741082268,20.835786786157822,20.877516112189227,20.919962086321018,20.963124708553195,21.007003978885756,21.051599897318706,21.09691246385204,21.14294167848576,21.18968754121986,21.237150052054353
2025-05-19,20.09296621480555,20.075161389681288,20.058004626164042,20.041495924253816,20.025635283950596,20.010422705254392,19.9958581881652,19.98194173268303,19.968673338807868,19.95605300653972,19.944080735878586,19.93275652682447,19.922080379377363,19.91205229353727,19.90267226930419,19.89394030667813,19.88585640565908,19.878420566247044,19.87163278844202,19.865493072244014,19.86000141765302,19.85515782466904,19.850962293292074,19.847414823522126,19.844515415359187,19.84226406880326,19.84066078385435,19.839705560512456,19.839398398777572,19.839739298649704,19.84072826012885,19.842365283215013,19.844650367908184,19.84758351420837,19.851164722115577,19.855393991629793,19.86027132275102,19.865796715479263,19.871970169814524,19.878791685756795,19.88626126330608,19.89437890246238,19.903144603225694,19.91255836559602,19.92262018957336,19.933330075157716,19.944688022349087,19.95669403114747,19.969348101552868,19.982650233565277,19.996600427184703,20.01119868241114,20.026444999244596,20.04233937768506,20.058881817732544,20.076072319387038,20.093910882648547,20.11239750751707,20.13153219399261,20.151314942075157,20.17174575176472,20.192824623061302,20.214551555964896,20.236926550475502,20.25994960659312,20.28362072431776,20.30793990364941,20.33290714458807,20.358522447133744,20.384785811286438,20.41169723704614,20.439256724412857,20.46746427338659,20.496319883967338,20.5258235561551,20.555975289949874,20.58677508535166,20.618222942360465,20.65031886097628,20.68306284119911,20.716454883028952
2025-05-20,20.61606724786586,20.57103953396577,20.52737070301155,20.48506075500319,20.444109689940696,20.404517507824064,20.3662842086533,20.3294097924284,20.29389425914936,20.25973760881619,20.226939841428884,20.19550095698744,20.165420955491864,20.13669983694215,20.1093376013383,20.083334248680316,20.058689778968198,20.03540419220194,20.01347748838155,19.992909667507025,19.973700729578365,19.955850674595567,19.939359502558634,19.924227213467567,19.910453807322362,19.898039284123023,19.88698364386955,19.87728688656194,19.868949012200193,19.861970020784316,19.856349912314297,19.852088686790147,19.84918634421186,19.847642884579436,19.84745830789288,19.848632614152187,19.851165803357357,19.855057875508393,19.86030883060529,19.866918668648058,19.874887389636687,19.88421499357118,19.894901480451537,19.906946850277762,19.92035110304985,19.935114238767802,19.951236257431617,19.968717159041297,19.987556943596847,20.007755611098254,20.02931316154553,20.05222959493867,20.076504911277674,20.10213911056254,20.129132192793275,20.157484157969872,20.187195006092335,20.21826473716066,20.250693351174853,20.284480848134905,20.319627228040826,20.356132490892612,20.39399663669026,20.433219665433775,20.473801577123155,20.515742371758396,20.559042049339503,20.603700609866475,20.649718053339313,20.697094379758013,20.74582958912258,20.79592368143301,20.847376656689303,20.90018851489146,20.95435925603949,21.009888880133374,21.06677738717313,21.125024777158746,21.18463105009023,21.245596205967573,21.307920244790786
2025-05-21,19.909482043288833,19.891173643621897,19.87374520223619,19.85719671913171,19.841528194308452,19.82673962776642,19.812831019505612,19.79980236952603,19.787653677827674,19.77638494441054,19.765996169274636,19.756487352419956,19.7478584938465,19.740109593554276,19.733240651543273,19.727251667813494,19.72214264236494,19.717913575197613,19.71456446631151,19.712095315706634,19.71050612338298,19.709796889340556,19.709967613579355,19.71101829609938,19.712948936900634,19.715759535983107,19.71945009334681,19.724020608991736,19.729471082917886,19.735801515125264,19.74301190561387,19.751102254383696,19.76007256143475,19.76992282676703,19.780653050380536,19.792263232275264,19.80475337245122,19.8181234709084,19.83237352764681,19.847503542666438,19.863513515967295,19.880403447549376,19.898173337412686,19.916823185557217,19.93635299198298,19.95676275668996,19.978052479678173,20.000222160947608,20.023271800498268,20.047201398330152,20.072010954443265,20.097700468837598,20.124269941513163,20.151719372469948,20.180048761707965,20.209258109227203,20.239347415027666,20.270316679109353,20.302165901472268,20.334895082116407,20.368504221041775,20.402993318248363,20.43836237373618,20.47461138750522,20.51174035955549,20.549749289886982,20.5886381784997,20.628407025393642,20.669055830568812,20.710584594025203,20.752993315762826,20.79628199578167,20.840450634081737,20.885499230663033,20.931427785525557,20.978236298669305,21.025924770094274,21.07449319980047,21.123941587787897,21.174269934056543,21.225478238606417
2025-05-22,20.65655960009511,20.621973232551554,20.588129217243825,20.555027554171925,20.52266824333585,20.4910512847356,20.46017667837118,20.430044424242585,20.40065452234982,20.37200697269288,20.344101775271767,20.316938930086483,20.290518437137024,20.26484029642339,20.239904507945585,20.215711071703605,20.192259987697454,20.16955125592713,20.14758487639263,20.12636084909396,20.105879174031116,20.086139851204102,20.06714288061291,20.04888826225755,20.03137599613801,20.014606082254303,19.998578520606422,19.983293311194366,19.96875045401814,19.954949949077736,19.941891796373163,19.929575995904415,19.918002547671495,19.9071714516744,19.897082707913135,19.887736316387695,19.879132277098083,19.871270590044297,19.86415125522634,19.857774272644207,19.852139642297903,19.847247364187425,19.843097438312775,19.83968986467395,19.837024643270954,19.835101774103784,19.83392125717244,19.833483092476925,19.833787280017237,19.834833819793374,19.83662271180534,19.83915395605313,19.84242755253675,19.846443501256196,19.85120180221147,19.85670245540257,19.862945460829497,19.86993081849225,19.877658528390832,19.88612859052524,19.895341004895474,19.905295771501535,19.91599289034342,19.927432361421136,19.93961418473468,19.95253836028405,19.966204888069246,19.98061376809027,19.99576500034712,20.011658584839797,20.028294521568302,20.045672810532633,20.063793451732792,20.082656445168777,20.102261790840586,20.122609488748225,20.143699538891692,20.165531941270984,20.188106695886106,20.211423802737055,20.235483261823827
2025-05-23,20.624525344749735,20.57826327778005,20.533368804531737,20.489841925004786,20.447682639199204,20.406890947114988,20.367466848752137,20.32941034411066,20.292721433190543,20.257400115991793,20.22344639251441,20.1908602627584,20.15964172672375,20.129790784410467,20.10130743581855,20.074191680948,20.048443519798823,20.024062952371008,20.00104997866456,19.97940459867948,19.959126812415768,19.940216619873418,19.922674021052437,19.906499015952825,19.891691604574575,19.878251786917698,19.866179562982186,19.855474932768036,19.846137896275255,19.838168453503847,19.8315666044538,19.82633234912512,19.822465687517806,19.81996661963186,19.818835145467283,19.81907126502407,19.820674978302225,19.823646285301745,19.827985186022637,19.83369168046489,19.84076576862851,19.8492074505135,19.859016726119858,19.870193595447578,19.882738058496667,19.89665011526712,19.91192976575894,19.928577009972134,19.946591847906692,19.965974279562612,19.9867243049399,20.00884192403856,20.032327136858584,20.057179943399973,20.083400343662728,20.11098833764685,20.139943925352345,20.1702671067792,20.201957881927424,20.235016250797013,20.269442213387972,20.305235769700296,20.342396919733986,20.380925663489045,20.420822000965472,20.462085932163262,20.50471745708242,20.548716575722942,20.594083288084835,20.640817594168094,20.68891949397272,20.738388987498713,20.789226074746068,20.841430755714793,20.89500303040489,20.949942898816346,21.006250360949174,21.063925416803364,21.122968066378927,21.183378309675852,21.245156146694146
2025-05-24,19.553679875792064,19.548050565185935,19.54306341412264,19.538718422602184,19.535015590624564,19.531954918189776,19.52953640529783,19.527760051948714,19.526625858142438,19.526133823878997,19.526283949158394,19.527076233980623,19.528510678345693,19.530587282253595,19.53330604570434,19.536666968697915,19.54067005123433,19.54531529331358,19.550602694935666,19.556532256100585,19.563103976808343,19.57031785705894,19.57817389685237,19.586672096188636,19.59581245506774,19.605594973489676,19.616019651454454,19.627086488962064,19.638795486012516,19.6511466426058,19.66413995874192,19.677775434420877,19.692053069642668,19.7069728644073,19.722534818714763,19.738738932565067,19.755585205958205,19.773073638894182,19.79120423137299,19.809976983394638,19.82939189495912,19.84944896606644,19.870148196716595,19.89148958690959,19.913473136645415,19.93609884592408,19.959366714745578,19.98327674310992,20.00782893101709,20.033023278467102,20.058859785459944,20.08533845199563,20.112459278074144,20.1402222636955,20.16862740885969,20.197674713566716,20.227364177816582,20.25769580160928,20.288669584944817,20.320285527823188,20.352543630244398,20.38544389220844,20.418986313715322,20.453170894765037,20.48799763535759,20.52346653549298,20.559577595171206,20.596330814392267,20.633726193156168,20.6717637314629,20.71044342931247,20.749765286704875,20.789729303640122,20.830335480118197,20.871583816139115,20.913474311702863,20.956006966809454,20.999181781458876,21.04299875565114,21.087457889386233,21.13255918266417
2025-05-25,20.77486917554612,20.730514970028153,20.687208606903088,20.64495008617092,20.603739407831657,20.56357657188529,20.524461578331824,20.48639442717126,20.449375118403598,20.413403652028833,20.37848002804697,20.344604246458005,20.311776307261944,20.27999621045878,20.249263956048516,20.219579544031152,20.190942974406695,20.163354247175132,20.136813362336472,20.11132031989071,20.086875119837853,20.063477762177893,20.041128246910834,20.019826574036674,19.999572743555415,19.980366755467056,19.962208609771597,19.945098306469042,19.929035845559387,19.91402122704263,19.90005445091877,19.88713551718782,19.87526442584976,19.864441176904606,19.854665770352348,19.845938206192997,19.83825848442654,19.831626605052985,19.82604256807233,19.82150637348458,19.818018021289728,19.815577511487774,19.81418484407872,19.81384001906257,19.81454303643932,19.81629389620897,19.81909259837152,19.82293914292697,19.827833529875317,19.833775759216568,19.84076583095072,19.84880374507777,19.85788950159772,19.868023100510573,19.87920454181633,19.89143382551498,19.904710951606532,19.919035920090984,19.93440873096834,19.95082938423859,19.968297879901748,19.986814217957804,20.006378398406756,20.026990421248613,20.048650286483365,20.071357994111025,20.095113544131582,20.119916936545035,20.145768171351392,20.172667248550653,20.20061416814281,20.229608930127867,20.259651534505824,20.290741981276685,20.322880270440447,20.356066401997104,20.390300375946662,20.425582192289127,20.461911851024485,20.499289352152747,20.53771469567391
2025-05-26,21.492142730353237,21.426924040452374,21.362889003132672,21.30003761839412,21.23836988623673,21.17788580666049,21.11858537966541,21.060468605251486,21.003535483418716,20.9477860141671,20.893220197496642,20.83983803340734,20.787639521899195,20.736624662972204,20.68679345662637,20.63814590286169,20.590682001678164,20.5444017530758,20.499305157054586,20.45539221361453,20.41266292275563,20.371117284477886,20.3307552987813,20.291576965665865,20.253582285131582,20.21677125717846,20.181143881806495,20.146700159015687,20.113440088806033,20.081363671177535,20.050470906130194,20.020761793664004,19.992236333778976,19.9648945264751,19.93873637175238,19.913761869610816,19.88997102005041,19.867363823071155,19.845940278673062,19.82570038685612,19.806644147620336,19.788771560965706,19.772082626892235,19.75657734539992,19.742255716488756,19.72911774015875,19.7171634164099,19.706392745242205,19.696805726655665,19.688402360650286,19.681182647226056,19.675146586382983,19.67029417812107,19.66662542244031,19.664140319340706,19.66283886882226,19.662721070884967,19.66378692552883,19.66603643275385,19.669469592560024,19.674086404947356,19.67988686991584,19.686870987465486,19.695038757596283,19.704390180308238,19.714925255601347,19.726643983475615,19.739546363931034,19.753632396967614,19.768902082585345,19.785355420784235,19.80299241156428,19.821813054925478,19.841817350867835,19.863005299391347,19.885376900496013,19.908932154181837,19.933671060448816,19.959593619296953,19.98669983072624,20.014989694736688
2025-05-27,21.016641884425898,20.973401722948093,20.930813144609562,20.888876149410315,20.84759073735034,20.80695690842965,20.76697466264823,20.727644000006098,20.688964920503242,20.650937424139663,20.613561510915364,20.576837180830342,20.5407644338846,20.505343270078136,20.47057368941095,20.436455691883044,20.402989277494417,20.370174446245066,20.338011198134996,20.306499533164207,20.275639451332694,20.245430952640458,20.215874037087502,20.186968704673827,20.15871495539943,20.131112789264304,20.104162206268462,20.0778632064119,20.052215789694618,20.02721995611661,20.002875705677887,19.979183038378437,19.956141954218268,19.93375245319738,19.912014535315762,19.89092820057343,19.870493448970375,19.8507102805066,19.831578695182102,19.813098692996885,19.795270273950944,19.778093438044284,19.7615681852769,19.745694515648797,19.730472429159967,19.71590192581042,19.70198300560015,19.688715668529163,19.67609991459745,19.66413574380502,19.652823156151868,19.642162151637994,19.632152730263396,19.62279489202808,19.614088636932035,19.606033964975275,19.598630876157795,19.591879370479592,19.585779447940666,19.58033110854102,19.575534352280656,19.571389179159567,19.567895589177752,19.56505358233522,19.56286315863197,19.561324318067996,19.560437060643302,19.560201386357885,19.560617295211745,19.561684787204886,19.563403862337307,19.565774520609004,19.56879676201998,19.572470586570233,19.57679599425977,19.58177298508858,19.587401559056673,19.593681716164042,19.60061345641069,19.608196779796618,19.61643168632182
2025-05-28,21.383312414505372,21.316950669345715,21.25194155725293,21.188285078227025,21.125981232267996,21.06503001937584,21.00543143955056,20.94718549279215,20.89029217910062,20.834751498475963,20.780563450918184,20.727728036427276,20.676245255003245,20.626115106646086,20.577337591355807,20.529912709132397,20.483840459975866,20.439120843886204,20.395753860863422,20.353739510907516,20.313077794018483,20.273768710196325,20.235812259441044,20.199208441752635,20.163957257131102,20.13005870557644,20.09751278708866,20.066319501667753,20.036478849313717,20.007990830026557,19.980855443806274,19.955072690652862,19.930642570566327,19.907565083546668,19.885840229593885,19.865468008707975,19.84644842088894,19.828781466136782,19.812467144451496,19.797505455833086,19.783896400281552,19.77163997779689,19.760736188379106,19.751185032028197,19.74298650874416,19.736140618527,19.73064736137671,19.726506737293303,19.723718746276766,19.722283388327103,19.72220066344432,19.723470571628408,19.726093112879372,19.73006828719721,19.735396094581922,19.74207653503351,19.750109608551973,19.75949531513731,19.770233654789525,19.78232462750861,19.795768233294574,19.81056447214741,19.826713344067123,19.84421484905371,19.863068987107173,19.88327575822751,19.90483516241472,19.927747199668808,19.95201186998977,19.977629173377608,20.00459910983232,20.032921679353905,20.062596881942365,20.093624717597702,20.126005186319915,20.159738288109,20.19482402296496,20.231262390887792,20.269053391877502,20.30819702593409,20.34869329305755
2025-05-29,20.1970522220114,20.168132754284247,20.14015206734388,20.11311016119029,20.087007035823472,20.061842691243438,20.037617127450176,20.014330344443696,19.99198234222399,19.970573120791066,19.95010268014492,19.93057102028555,19.911978141212956,19.894324042927142,19.877608725428104,19.861832188715848,19.846994432790368,19.83309545765166,19.820135263299736,19.80811384973459,19.79703121695622,19.786887364964628,19.77768229375981,19.769416003341775,19.762088493710518,19.755699764866037,19.750249816808335,19.74573864953741,19.74216626305326,19.73953265735589,19.7378378324453,19.737081788321486,19.73726452498445,19.73838604243419,19.740446340670708,19.74344541969401,19.747383279504085,19.752259920100936,19.758075341484563,19.764829543654972,19.77252252661216,19.781154290356124,19.790724834886866,19.801234160204384,19.812682266308684,19.82506915319976,19.838394820877614,19.852659269342244,19.867862498593652,19.884004508631836,19.901085299456803,19.919104871068544,19.938063223467065,19.957960356652364,19.978796270624436,20.00057096538329,20.023284440928922,20.04693669726133,20.07152773438052,20.09705755228648,20.123526150979224,20.150933530458744,20.179279690725043,20.20856463177812,20.238788353617974,20.269950856244602,20.302052139658013,20.3350922038582,20.369071048845164,20.40398867461891,20.439845081179428,20.476640268526726,20.514374236660803,20.553046985581656,20.59265851528929,20.633208825783694,20.674697917064883,20.717125789132847,20.76049244198759,20.804797875629113,20.850042090057414
2025-05-30,20.646044325370877,20.60812202658777,20.571009979444266,20.53470818394038,20.499216640076103,20.464535347851438,20.43066430726638,20.39760351832094,20.3653529810151,20.33391269534888,20.303282661322264,20.273462878935263,20.244453348187868,20.21625406908009,20.188865041611916,20.162286265783354,20.136517741594407,20.111559469045062,20.087411448135338,20.064073678865217,20.04154616123471,20.019828895243812,19.998921880892524,19.978825118180847,19.959538607108783,19.941062347676326,19.923396339883485,19.906540583730248,19.890495079216624,19.875259826342614,19.86083482510821,19.84722007551342,19.834415577558236,19.822421331242666,19.811237336566705,19.800863593530355,19.791300102133615,19.78254686237649,19.77460387425897,19.76747113778106,19.761148652942765,19.75563641974408,19.750934438185002,19.747042708265536,19.743961229985683,19.741690003345436,19.740229028344807,19.73957830498378,19.73973783326237,19.740707613180568,19.74248764473838,19.745077927935796,19.748478462772823,19.752689249249464,19.757710287365715,19.76354157712158,19.77018311851705,19.777634911552134,19.785896956226825,19.79496925254113,19.804851800495044,19.815544600088568,19.827047651321703,19.83936095419445,19.852484508706805,19.86641831485877,19.88116237265035,19.896716682081536,19.913081243152337,19.930256055862742,19.948241120212767,19.967036436202395,19.986642003831637,20.007057823100485,20.02828389400895,20.050320216557022,20.073166790744704,20.096823616572,20.1212906940389,20.146568023145417,20.172655603891542
2025-05-31,20.88864207340338,20.83488732329069,20.782429140755408,20.731267525797538,20.68140247841707,20.632833998614014,20.58556208638836,20.539586741740113,20.494907964669277,20.451525755175847,20.409440113259823,20.368651038921207,20.329158532159994,20.290962592976197,20.254063221369798,20.218460417340808,20.184154180889227,20.15114451201505,20.11943141071829,20.089014876998924,20.05989491085697,20.032071512292426,20.005544681305285,19.98031441789555,19.956380722063226,19.93374359380831,19.912403033130797,19.89235904003069,19.873611614507993,19.856160756562705,19.840006466194822,19.825148743404345,19.811587588191276,19.799323000555614,19.78835498049736,19.778683528016508,19.770308643113065,19.763230325787035,19.757448576038406,19.752963393867187,19.749774779273373,19.747882732256965,19.74728725281797,19.747988340956375,19.749985996672194,19.75328021996541,19.75787101083604,19.76375836928408,19.77094229530952,19.77942278891237,19.78919985009263,19.80027347885029,19.812643675185363,19.826310439097842,19.841273770587726,19.85753366965502,19.87509013629972,19.893943170521826,19.914092772321336,19.935538941698255,19.958281678652586,19.98232098318432,20.007656855293458,20.03428929498001,20.062218302243963,20.09144387708533,20.121966019504097,20.15378472950027,20.186900007073856,20.221311852224844,20.25702026495324,20.294025245259046,20.332326793142258,20.371924908602878,20.412819591640904,20.455010842256335,20.498498660449176,20.543283046219422,20.589363999567077,20.636741520492137,20.685415608994603
2025-06-01,20.814953952634156,20.77256962994741,20.730978666056096,20.690181060960217,20.650176814659776,20.610965927154766,20.572548398445196,20.53492422853106,20.498093417412363,20.462055965089096,20.42681187156127,20.392361136828878,20.358703760891917,20.325839743750397,20.29376908540431,20.26249178585366,20.232007845098444,20.202317263138667,20.17342003997432,20.145316175605416,20.118005670031945,20.091488523253904,20.065764735271305,20.04083430608414,20.01669723569241,19.993353524096115,19.97080317129526,19.949046177289834,19.92808254207985,19.9079122656653,19.88853534804618,19.8699517892225,19.852161589194257,19.835164747961446,19.818961265524074,19.803551141882135,19.78893437703563,19.775110970984567,19.762080923728938,19.74984423526874,19.73840090560398,19.727750934734658,19.71789432266077,19.708831069382317,19.700561174899303,19.69308463921172,19.686401462319573,19.680511644222864,19.675415184921587,19.67111208441575,19.667602342705347,19.66488595979038,19.662962935670848,19.66183327034675,19.661496963818088,19.661954016084866,19.663204427147075,19.665248197004722,19.668085325657803,19.67171581310632,19.676139659350273,19.681356864389663,19.68736742822449,19.694171350854745,19.701768632280444,19.710159272501578,19.71934327151814,19.729320629330143,19.740091345937586,19.751655421340455,19.764012855538766,19.77716364853251,19.79110780032169,19.80584531090631,19.82137618028636,19.837700408461846,19.85481799543277,19.87272894119913,19.891433245760926,19.910930909118157,19.931221931270823
2025-06-02,20.515842902885346,20.47258736634546,20.43053876004999,20.38969708399894,20.350062338192306,20.311634522630083,20.274413637312282,20.238399682238892,20.20359265740992,20.16999256282537,20.137599398485232,20.106413164389508,20.076433860538202,20.04766148693131,20.020096043568838,19.99373753045078,19.968585947577136,19.94464129494791,19.921903572563103,19.900372780422707,19.880048918526732,19.860931986875173,19.843021985468027,19.8263189143053,19.810822773386988,19.79653356271309,19.78345128228361,19.771575932098546,19.7609075121579,19.751446022461668,19.74319146300985,19.73614383380245,19.73030313483947,19.7256693661209,19.722242527646756,19.72002261941702,19.7190096414317,19.7192035936908,19.720604476194314,19.723212288942243,19.72702703193459,19.73204870517135,19.73827730865253,19.745712842378126,19.754355306348135,19.764204700562562,19.77526102502141,19.78752427972467,19.800994464672346,19.815671579864436,19.831555625300947,19.84864660098187,19.86694450690721,19.886449343076965,19.90716110949114,19.929079806149726,19.952205433052733,19.976537990200153,20.002077477591993,20.02882389522825,20.056777243108918,20.085937521234005,20.116304729603506,20.147878868217425,20.18065993707576,20.21464793617851,20.249842865525675,20.28624472511726,20.32385351495326,20.362669235033675,20.402691885358504,20.44392146592775,20.48635797674142,20.5300014177995,20.574851789101995,20.620909090648908,20.668173322440236,20.71664448447598,20.766322576756142,20.81720759928072,20.869299552049714
2025-06-03,20.927812362762268,20.876056456000278,20.825400648040834,20.77584493888393,20.727389328529565,20.680033816977748,20.63377840422847,20.58862309028173,20.54456787513753,20.501612758795876,20.459757741256762,20.419002822520195,20.37934800258616,20.340793281454673,20.30333865912573,20.26698413559932,20.231729710875456,20.19757538495414,20.164521157835352,20.132567029519116,20.101713000005418,20.071959069294262,20.04330523738565,20.015751504279578,19.989297869976042,19.963944334475055,19.939690897776607,19.916537559880698,19.894484320787335,19.873531180496514,19.853678139008228,19.83492519632249,19.817272352439293,19.800719607358634,19.785266961080517,19.770914413604945,19.75766196493191,19.745509615061422,19.734457363993474,19.72450521172806,19.715653158265198,19.707901203604873,19.70124934774709,19.69569759069185,19.691245932439152,19.68789437298899,19.685642912341375,19.6844915504963,19.684440287453764,19.685489123213774,19.687638057776322,19.690887091141413,19.695236223309045,19.70068545427922,19.707234784051934,19.714884212627194,19.723633740004992,19.733483366185332,19.744433091168215,19.756482914953637,19.769632837541604,19.78388285893211,19.799232979125158,19.815683198120748,19.83323351591888,19.851883932519552,19.87163444792277,19.892485062128525,19.91443577513682,19.93748658694766,19.961637497561043,19.98688850697696,20.013239615195427,20.040690822216433,20.06924212803998,20.098893532666068,20.1296450360947,20.16149663832587,20.194448339359585,20.22850013919584,20.263652037834635
2025-06-04,20.25191981717625,20.215133037090027,20.179530655299786,20.14511267180553,20.111879086607264,20.079829899704976,20.048965111098678,20.019284720788363,19.990788728774035,19.963477135055694,19.937349939633336,19.912407142506964,19.88864874367658,19.86607474314218,19.844685140903763,19.824479936961332,19.805459131314887,19.78762272396443,19.770970714909954,19.755503104151465,19.74121989168896,19.72812107752244,19.71620666165191,19.70547664407736,19.6959310247988,19.687569803816224,19.680392981129632,19.674400556739027,19.669592530644405,19.66596890284577,19.663529673343117,19.66227484213645,19.662204409225772,19.663318374611077,19.665616738292368,19.669099500269645,19.673766660542906,19.679618219112154,19.686654175977385,19.694874531138602,19.704279284595806,19.714868436348993,19.726641986398167,19.739599934743328,19.753742281384472,19.769069026321603,19.785580169554716,19.803275711083817,19.822155650908904,19.842219989029974,19.86346872544703,19.88590186016007,19.9095193931691,19.934321324474112,19.96030765407511,19.98747838197209,20.01583350816506,20.045373032654012,20.076096955438953,20.108005276519876,20.141097995896786,20.17537511356968,20.210836629538562,20.247482543803425,20.28531285636428,20.324327567221115,20.364526676373934,20.405910183822744,20.448478089567537,20.492230393608313,20.537167095945076,20.583288196577826,20.63059369550656,20.679083592731278,20.728757888251984,20.779616582068673,20.83165967418135,20.88488716459001,20.939299053294654,20.99489534029528,21.051676025591902
2025-06-05,20.48803637832206,20.44950671548329,20.411933534113956,20.37531683421405,20.339656615783568,20.304952878822522,20.271205623330903,20.23841484930871,20.206580556755952,20.17570274567262,20.14578141605872,20.116816567914253,20.088808201239207,20.061756316033595,20.035660912297413,20.010521990030657,19.986339549233335,19.96311358990544,19.940844112046975,19.919531115657943,19.899174600738334,19.87977456728816,19.861331015307414,19.84384394479609,19.827313355754207,19.81173924818175,19.79712162207872,19.78346047744512,19.77075581428095,19.75900763258621,19.7482159323609,19.738380713605018,19.729501976318566,19.721579720501545,19.71461394615395,19.70860465327579,19.703551841867053,19.69945551192775,19.696315663457877,19.69413229645743,19.692905410926414,19.69263500686483,19.69332108427267,19.694963643149944,19.69756268349665,19.701118205312778,19.70563020859834,19.71109869335333,19.71752365957775,19.724905107271603,19.733243036434878,19.74253744706759,19.75278833916973,19.763995712741295,19.776159567782294,19.78927990429272,19.803356722272575,19.818390021721864,19.834379802640576,19.851326065028722,19.869228808886298,19.8880880342133,19.907903741009736,19.9286759292756,19.95040459901089,19.973089750215614,19.996731382889763,20.021329497033346,20.04688409264636,20.073395169728794,20.100862728280667,20.129286768301967,20.158667289792692,20.189004292752852,20.220297777182438,20.252547743081454,20.285754190449904,20.319917119287776,20.355036529595086,20.39111242137182,20.428144794617985
2025-06-06,20.364567821387887,20.32570833015202,20.28796594579474,20.251340668316058,20.21583249771597,20.18144143399448,20.14816747715158,20.11601062718728,20.084970884101573,20.05504824789446,20.026242718565943,19.99855429611602,19.971982980544695,19.94652877185196,19.922191670037822,19.898971675102278,19.876868787045332,19.85588300586698,19.836014331567217,19.81726276414605,19.799628303603487,19.783110949939513,19.76771070315413,19.753427563247346,19.740261530219158,19.72821260406956,19.71728078479856,19.70746607240616,19.698768466892346,19.691187968257132,19.68472457650051,19.679378291622488,19.675149113623053,19.672037042502218,19.670042078259975,19.66916422089633,19.66940347041128,19.670759826804822,19.673233290076965,19.676823860227696,19.681531537257023,19.687356321164945,19.694298211951466,19.702357209616576,19.71153331416028,19.721826525582586,19.733236843883482,19.745764269062974,19.75940880112106,19.77417044005774,19.79004918587302,19.80704503856689,19.825157998139357,19.84438806459042,19.864735237920073,19.886199518128322,19.908780905215167,19.93247939918061,19.957295000024647,19.983227707747275,20.0102775223485,20.038444443828322,20.067728472186737,20.098129607423743,20.12964784953935,20.162283198533547,20.19603565440634,20.23090521715773,20.266891886787718,20.303995663296295,20.342216546683467,20.381554536949235,20.422009634093598,20.463581838116557,20.506271149018108,20.550077566798254,20.595001091457,20.641041722994338,20.688199461410267,20.736474306704796,20.78586625887792
2025-06-07,20.93130953239894,20.885208273882874,20.839854321099928,20.795247674050096,20.75138833273338,20.708276297149784,20.665911567299304,20.624294143181938,20.583424024797694,20.543301212146567,20.503925705228554,20.465297504043658,20.427416608591884,20.390283018873223,20.353896734887677,20.31825775663525,20.283366084115944,20.249221717329746,20.215824656276673,20.183174900956715,20.151272451369874,20.12011730751615,20.089709469395544,20.06004893700805,20.031135710353677,20.002969789432424,19.975551174244284,19.948879864789262,19.922955861067358,19.897779163078567,19.873349770822898,19.849667684300346,19.82673290351091,19.80454542845459,19.78310525913139,19.7624123955413,19.742466837684333,19.723268585560483,19.704817639169747,19.687113998512128,19.67015766358763,19.653948634396247,19.63848691093798,19.623772493212833,19.609805381220802,19.596585574961885,19.58411307443609,19.572387879643408,19.561409990583844,19.551179407257397,19.541696129664068,19.532960157803853,19.52497149167676,19.517730131282782,19.51123607662192,19.505489327694175,19.50048988449955,19.496237747038037,19.492732915309645,19.48997538931437,19.48796516905221,19.48670225452317,19.486186645727244,19.486418342664436,19.487397345334745,19.489123653738172,19.491597267874713,19.494818187744375,19.498786413347155,19.50350194468305,19.50896478175206,19.515174924554188,19.522132373089434,19.529837127357798,19.53828918735928,19.547488553093874,19.557435224561587,19.56812920176242,19.57957048469637,19.59175907336343,19.604694967763617
